-- -------------------------------------------------------------
-- TablePlus 6.4.4(604)
--
-- https://tableplus.com/
--
-- Database: airbnb_db
-- Generation Time: 2025-04-10 11:05:04.3310
-- -------------------------------------------------------------


/*!40101 SET @OLD_CHARACTER_SET_CLIENT=@@CHARACTER_SET_CLIENT */;
/*!40101 SET @OLD_CHARACTER_SET_RESULTS=@@CHARACTER_SET_RESULTS */;
/*!40101 SET @OLD_COLLATION_CONNECTION=@@COLLATION_CONNECTION */;
/*!40101 SET NAMES utf8mb4 */;
/*!40014 SET @OLD_UNIQUE_CHECKS=@@UNIQUE_CHECKS, UNIQUE_CHECKS=0 */;
/*!40014 SET @OLD_FOREIGN_KEY_CHECKS=@@FOREIGN_KEY_CHECKS, FOREIGN_KEY_CHECKS=0 */;
/*!40101 SET @OLD_SQL_MODE=@@SQL_MODE, SQL_MODE='NO_AUTO_VALUE_ON_ZERO' */;
/*!40111 SET @OLD_SQL_NOTES=@@SQL_NOTES, SQL_NOTES=0 */;


CREATE TABLE `_prisma_migrations` (
  `id` varchar(36) COLLATE utf8mb4_unicode_ci NOT NULL,
  `checksum` varchar(64) COLLATE utf8mb4_unicode_ci NOT NULL,
  `finished_at` datetime(3) DEFAULT NULL,
  `migration_name` varchar(255) COLLATE utf8mb4_unicode_ci NOT NULL,
  `logs` text COLLATE utf8mb4_unicode_ci,
  `rolled_back_at` datetime(3) DEFAULT NULL,
  `started_at` datetime(3) NOT NULL DEFAULT CURRENT_TIMESTAMP(3),
  `applied_steps_count` int unsigned NOT NULL DEFAULT '0',
  PRIMARY KEY (`id`)
) ENGINE=InnoDB DEFAULT CHARSET=utf8mb4 COLLATE=utf8mb4_unicode_ci;

CREATE TABLE `BinhLuan` (
  `id` int NOT NULL AUTO_INCREMENT,
  `ma_phong` int DEFAULT NULL,
  `ma_nguoi_binh_luan` int NOT NULL,
  `ngay_binh_luan` datetime(3) NOT NULL,
  `noi_dung` varchar(191) COLLATE utf8mb4_unicode_ci NOT NULL,
  `sao_binh_luan` int NOT NULL,
  PRIMARY KEY (`id`),
  KEY `BinhLuan_ma_nguoi_binh_luan_fkey` (`ma_nguoi_binh_luan`),
  KEY `BinhLuan_ma_cong_viec_fkey` (`ma_phong`),
  CONSTRAINT `BinhLuan_ma_cong_viec_fkey` FOREIGN KEY (`ma_phong`) REFERENCES `Phong` (`id`) ON DELETE RESTRICT ON UPDATE CASCADE,
  CONSTRAINT `BinhLuan_ma_nguoi_binh_luan_fkey` FOREIGN KEY (`ma_nguoi_binh_luan`) REFERENCES `NguoiDung` (`id`) ON DELETE RESTRICT ON UPDATE CASCADE
) ENGINE=InnoDB AUTO_INCREMENT=101 DEFAULT CHARSET=utf8mb4 COLLATE=utf8mb4_unicode_ci;

CREATE TABLE `DatPhong` (
  `id` int NOT NULL AUTO_INCREMENT,
  `ma_phong` int NOT NULL,
  `ngay_den` datetime(3) NOT NULL,
  `ngay_di` datetime(3) NOT NULL,
  `so_luong_khach` int NOT NULL,
  `ma_nguoi_dat` int NOT NULL,
  PRIMARY KEY (`id`),
  KEY `DatPhong_ma_phong_fkey` (`ma_phong`),
  KEY `DatPhong_ma_nguoi_dat_fkey` (`ma_nguoi_dat`),
  CONSTRAINT `DatPhong_ma_nguoi_dat_fkey` FOREIGN KEY (`ma_nguoi_dat`) REFERENCES `NguoiDung` (`id`) ON DELETE RESTRICT ON UPDATE CASCADE,
  CONSTRAINT `DatPhong_ma_phong_fkey` FOREIGN KEY (`ma_phong`) REFERENCES `Phong` (`id`) ON DELETE RESTRICT ON UPDATE CASCADE
) ENGINE=InnoDB AUTO_INCREMENT=117 DEFAULT CHARSET=utf8mb4 COLLATE=utf8mb4_unicode_ci;

CREATE TABLE `NguoiDung` (
  `id` int NOT NULL AUTO_INCREMENT,
  `name` varchar(191) COLLATE utf8mb4_unicode_ci NOT NULL,
  `email` varchar(191) COLLATE utf8mb4_unicode_ci NOT NULL,
  `pass_word` varchar(191) COLLATE utf8mb4_unicode_ci NOT NULL,
  `phone` varchar(191) COLLATE utf8mb4_unicode_ci NOT NULL,
  `birth_day` datetime(3) DEFAULT NULL,
  `gender` tinyint(1) NOT NULL,
  `role` varchar(191) COLLATE utf8mb4_unicode_ci NOT NULL,
  `avatar` varchar(191) COLLATE utf8mb4_unicode_ci DEFAULT NULL,
  PRIMARY KEY (`id`),
  UNIQUE KEY `NguoiDung_email_key` (`email`)
) ENGINE=InnoDB AUTO_INCREMENT=22 DEFAULT CHARSET=utf8mb4 COLLATE=utf8mb4_unicode_ci;

CREATE TABLE `Phong` (
  `id` int NOT NULL AUTO_INCREMENT,
  `ten_phong` varchar(191) COLLATE utf8mb4_unicode_ci NOT NULL,
  `khach` int NOT NULL,
  `phong_ngu` int NOT NULL,
  `giuong` int NOT NULL,
  `phong_tam` int NOT NULL,
  `mo_ta` varchar(191) COLLATE utf8mb4_unicode_ci NOT NULL,
  `gia_tien` int NOT NULL,
  `may_giat` tinyint(1) NOT NULL,
  `ban_la` tinyint(1) NOT NULL,
  `tivi` tinyint(1) NOT NULL,
  `dieu_hoa` tinyint(1) NOT NULL,
  `wifi` tinyint(1) NOT NULL,
  `bep` tinyint(1) NOT NULL,
  `do_xe` tinyint(1) NOT NULL,
  `ho_boi` tinyint(1) NOT NULL,
  `ban_ui` tinyint(1) NOT NULL,
  `hinh_anh` varchar(191) COLLATE utf8mb4_unicode_ci NOT NULL,
  `vi_tri_id` int NOT NULL,
  PRIMARY KEY (`id`),
  KEY `Phong_vi_tri_id_fkey` (`vi_tri_id`),
  CONSTRAINT `Phong_vi_tri_id_fkey` FOREIGN KEY (`vi_tri_id`) REFERENCES `ViTri` (`id`) ON DELETE RESTRICT ON UPDATE CASCADE
) ENGINE=InnoDB AUTO_INCREMENT=81 DEFAULT CHARSET=utf8mb4 COLLATE=utf8mb4_unicode_ci;

CREATE TABLE `ViTri` (
  `id` int NOT NULL AUTO_INCREMENT,
  `ten_vi_tri` varchar(191) COLLATE utf8mb4_unicode_ci NOT NULL,
  `tinh_thanh` varchar(191) COLLATE utf8mb4_unicode_ci NOT NULL,
  `quoc_gia` varchar(191) COLLATE utf8mb4_unicode_ci NOT NULL,
  `hinh_anh` varchar(191) COLLATE utf8mb4_unicode_ci DEFAULT NULL,
  PRIMARY KEY (`id`)
) ENGINE=InnoDB AUTO_INCREMENT=10 DEFAULT CHARSET=utf8mb4 COLLATE=utf8mb4_unicode_ci;

INSERT INTO `_prisma_migrations` (`id`, `checksum`, `finished_at`, `migration_name`, `logs`, `rolled_back_at`, `started_at`, `applied_steps_count`) VALUES
('21bc78f9-3a81-4b93-ac21-f98702878bfd', '2d911ad2b8337b4cb478c0f987c844ab2c140f42dc75ee1af22c19eafff4f0da', '2025-04-04 16:09:15.342', '20250404160506_update_birth_day_type', NULL, NULL, '2025-04-04 16:09:15.301', 1),
('27234694-0f34-45f2-81b4-0fa25f1ed954', 'f51f6eec5e6c11dc083bf1177f84e5536a19cd38296c79ac1fc52b9ce08c5f64', '2025-04-04 16:09:15.300', '20250330165000_init', NULL, NULL, '2025-04-04 16:09:15.201', 1);

INSERT INTO `BinhLuan` (`id`, `ma_phong`, `ma_nguoi_binh_luan`, `ngay_binh_luan`, `noi_dung`, `sao_binh_luan`) VALUES
(1, 1, 1, '2025-12-17 17:00:00.000', 'Phòng \"Phòng 1 tại Hồ Chí Minh\" rất tuyệt vời!', 5),
(2, 2, 2, '2025-09-26 17:00:00.000', 'Phòng \"Phòng 2 tại Cần Thơ\" rất tuyệt vời!', 5),
(3, 3, 3, '2025-04-04 17:00:00.000', 'Phòng \"Phòng 3 tại Nha Trang\" rất tuyệt vời!', 3),
(4, 1, 4, '2025-04-08 10:30:00.000', 'Phòng rất sạch sẽ, dịch vụ tốt', 5),
(5, 5, 5, '2025-04-07 17:00:00.000', 'Phòng \"Phòng 5 tại Phú Quốc\" rất tuyệt vời!', 1),
(6, 6, 6, '2025-07-13 17:00:00.000', 'Phòng \"Phòng 6 tại Đà Nẵng\" rất tuyệt vời!', 4),
(7, 7, 1, '2025-09-27 17:00:00.000', 'Phòng \"Phòng 7 tại Đà Lạt\" rất tuyệt vời!', 1),
(8, 8, 2, '2025-04-06 17:00:00.000', 'Phòng \"Phòng 8 tại Phan Thiết\" rất tuyệt vời!', 1),
(9, 9, 3, '2025-09-11 17:00:00.000', 'Phòng \"Phòng 9 tại Hồ Chí Minh\" rất tuyệt vời!', 4),
(10, 10, 4, '2025-01-15 17:00:00.000', 'Phòng \"Phòng 10 tại Cần Thơ\" rất tuyệt vời!', 2),
(11, 11, 5, '2025-03-04 17:00:00.000', 'Phòng \"Phòng 11 tại Nha Trang\" rất tuyệt vời!', 5),
(12, 12, 6, '2025-01-26 17:00:00.000', 'Phòng \"Phòng 12 tại Hà Nội\" rất tuyệt vời!', 4),
(13, 13, 1, '2025-08-09 17:00:00.000', 'Phòng \"Phòng 13 tại Phú Quốc\" rất tuyệt vời!', 3),
(14, 14, 2, '2025-07-19 17:00:00.000', 'Phòng \"Phòng 14 tại Đà Nẵng\" rất tuyệt vời!', 1),
(15, 15, 3, '2025-04-07 17:00:00.000', 'Phòng \"Phòng 15 tại Đà Lạt\" rất tuyệt vời!', 3),
(16, 16, 4, '2025-07-28 17:00:00.000', 'Phòng \"Phòng 16 tại Phan Thiết\" rất tuyệt vời!', 5),
(17, 17, 5, '2025-10-06 17:00:00.000', 'Phòng \"Phòng 17 tại Hồ Chí Minh\" rất tuyệt vời!', 4),
(18, 18, 6, '2025-07-09 17:00:00.000', 'Phòng \"Phòng 18 tại Cần Thơ\" rất tuyệt vời!', 5),
(19, 19, 1, '2025-08-11 17:00:00.000', 'Phòng \"Phòng 19 tại Nha Trang\" rất tuyệt vời!', 2),
(21, 21, 3, '2025-02-14 17:00:00.000', 'Phòng \"Phòng 21 tại Phú Quốc\" rất tuyệt vời!', 3),
(22, 22, 4, '2025-12-10 17:00:00.000', 'Phòng \"Phòng 22 tại Đà Nẵng\" rất tuyệt vời!', 5),
(23, 23, 5, '2025-08-16 17:00:00.000', 'Phòng \"Phòng 23 tại Đà Lạt\" rất tuyệt vời!', 5),
(24, 24, 6, '2025-08-21 17:00:00.000', 'Phòng \"Phòng 24 tại Phan Thiết\" rất tuyệt vời!', 5),
(25, 25, 1, '2025-12-05 17:00:00.000', 'Phòng \"Phòng 25 tại Hồ Chí Minh\" rất tuyệt vời!', 3),
(26, 26, 2, '2025-06-07 17:00:00.000', 'Phòng \"Phòng 26 tại Cần Thơ\" rất tuyệt vời!', 1),
(27, 27, 3, '2025-06-14 17:00:00.000', 'Phòng \"Phòng 27 tại Nha Trang\" rất tuyệt vời!', 5),
(28, 28, 4, '2025-03-06 17:00:00.000', 'Phòng \"Phòng 28 tại Hà Nội\" rất tuyệt vời!', 5),
(29, 29, 5, '2025-12-23 17:00:00.000', 'Phòng \"Phòng 29 tại Phú Quốc\" rất tuyệt vời!', 1),
(30, 30, 6, '2025-10-19 17:00:00.000', 'Phòng \"Phòng 30 tại Đà Nẵng\" rất tuyệt vời!', 3),
(31, 31, 1, '2025-04-06 17:00:00.000', 'Phòng \"Phòng 31 tại Đà Lạt\" rất tuyệt vời!', 5),
(32, 32, 2, '2025-02-26 17:00:00.000', 'Phòng \"Phòng 32 tại Phan Thiết\" rất tuyệt vời!', 3),
(33, 33, 3, '2025-12-01 17:00:00.000', 'Phòng \"Phòng 33 tại Hồ Chí Minh\" rất tuyệt vời!', 5),
(34, 34, 4, '2025-01-24 17:00:00.000', 'Phòng \"Phòng 34 tại Cần Thơ\" rất tuyệt vời!', 3),
(35, 35, 5, '2025-11-11 17:00:00.000', 'Phòng \"Phòng 35 tại Nha Trang\" rất tuyệt vời!', 2),
(36, 36, 6, '2025-01-22 17:00:00.000', 'Phòng \"Phòng 36 tại Hà Nội\" rất tuyệt vời!', 4),
(37, 37, 1, '2025-04-17 17:00:00.000', 'Phòng \"Phòng 37 tại Phú Quốc\" rất tuyệt vời!', 1),
(38, 38, 2, '2025-04-13 17:00:00.000', 'Phòng \"Phòng 38 tại Đà Nẵng\" rất tuyệt vời!', 5),
(39, 39, 3, '2025-01-14 17:00:00.000', 'Phòng \"Phòng 39 tại Đà Lạt\" rất tuyệt vời!', 1),
(41, 41, 5, '2025-04-16 17:00:00.000', 'Phòng \"Phòng 41 tại Hồ Chí Minh\" rất tuyệt vời!', 3),
(42, 42, 6, '2025-11-20 17:00:00.000', 'Phòng \"Phòng 42 tại Cần Thơ\" rất tuyệt vời!', 5),
(43, 43, 1, '2025-06-12 17:00:00.000', 'Phòng \"Phòng 43 tại Nha Trang\" rất tuyệt vời!', 2),
(44, 44, 2, '2025-05-05 17:00:00.000', 'Phòng \"Phòng 44 tại Hà Nội\" rất tuyệt vời!', 1),
(45, 45, 3, '2025-11-18 17:00:00.000', 'Phòng \"Phòng 45 tại Phú Quốc\" rất tuyệt vời!', 4),
(46, 46, 4, '2025-05-21 17:00:00.000', 'Phòng \"Phòng 46 tại Đà Nẵng\" rất tuyệt vời!', 1),
(47, 47, 5, '2025-12-01 17:00:00.000', 'Phòng \"Phòng 47 tại Đà Lạt\" rất tuyệt vời!', 1),
(48, 48, 6, '2025-06-23 17:00:00.000', 'Phòng \"Phòng 48 tại Phan Thiết\" rất tuyệt vời!', 4),
(49, 49, 1, '2025-02-18 17:00:00.000', 'Phòng \"Phòng 49 tại Hồ Chí Minh\" rất tuyệt vời!', 5),
(50, 50, 2, '2025-04-07 17:00:00.000', 'Phòng \"Phòng 50 tại Cần Thơ\" rất tuyệt vời!', 3),
(51, 51, 3, '2025-07-14 17:00:00.000', 'Phòng \"Phòng 51 tại Nha Trang\" rất tuyệt vời!', 4),
(52, 52, 4, '2025-05-18 17:00:00.000', 'Phòng \"Phòng 52 tại Hà Nội\" rất tuyệt vời!', 3),
(53, 53, 5, '2025-01-15 17:00:00.000', 'Phòng \"Phòng 53 tại Phú Quốc\" rất tuyệt vời!', 2),
(54, 54, 6, '2025-12-12 17:00:00.000', 'Phòng \"Phòng 54 tại Đà Nẵng\" rất tuyệt vời!', 4),
(55, 55, 1, '2025-05-09 17:00:00.000', 'Phòng \"Phòng 55 tại Đà Lạt\" rất tuyệt vời!', 3),
(56, 56, 2, '2025-06-20 17:00:00.000', 'Phòng \"Phòng 56 tại Phan Thiết\" rất tuyệt vời!', 4),
(57, 57, 3, '2025-08-27 17:00:00.000', 'Phòng \"Phòng 57 tại Hồ Chí Minh\" rất tuyệt vời!', 5),
(58, 58, 4, '2025-01-11 17:00:00.000', 'Phòng \"Phòng 58 tại Cần Thơ\" rất tuyệt vời!', 2),
(59, 59, 5, '2025-03-06 17:00:00.000', 'Phòng \"Phòng 59 tại Nha Trang\" rất tuyệt vời!', 4),
(60, 60, 6, '2025-03-19 17:00:00.000', 'Phòng \"Phòng 60 tại Hà Nội\" rất tuyệt vời!', 1),
(61, 61, 1, '2025-09-17 17:00:00.000', 'Phòng \"Phòng 61 tại Phú Quốc\" rất tuyệt vời!', 2),
(62, 62, 2, '2025-06-23 17:00:00.000', 'Phòng \"Phòng 62 tại Đà Nẵng\" rất tuyệt vời!', 2),
(63, 63, 3, '2025-12-07 17:00:00.000', 'Phòng \"Phòng 63 tại Đà Lạt\" rất tuyệt vời!', 1),
(64, 64, 4, '2025-07-06 17:00:00.000', 'Phòng \"Phòng 64 tại Phan Thiết\" rất tuyệt vời!', 4),
(65, 65, 5, '2025-05-19 17:00:00.000', 'Phòng \"Phòng 65 tại Hồ Chí Minh\" rất tuyệt vời!', 2),
(66, 66, 6, '2025-05-02 17:00:00.000', 'Phòng \"Phòng 66 tại Cần Thơ\" rất tuyệt vời!', 3),
(67, 67, 1, '2025-06-15 17:00:00.000', 'Phòng \"Phòng 67 tại Nha Trang\" rất tuyệt vời!', 2),
(68, 68, 2, '2025-01-17 17:00:00.000', 'Phòng \"Phòng 68 tại Hà Nội\" rất tuyệt vời!', 5),
(70, 70, 4, '2025-09-22 17:00:00.000', 'Phòng \"Phòng 70 tại Đà Nẵng\" rất tuyệt vời!', 2),
(71, 71, 5, '2025-08-20 17:00:00.000', 'Phòng \"Phòng 71 tại Đà Lạt\" rất tuyệt vời!', 1),
(72, 72, 6, '2025-05-14 17:00:00.000', 'Phòng \"Phòng 72 tại Phan Thiết\" rất tuyệt vời!', 1),
(73, 73, 1, '2025-03-23 17:00:00.000', 'Phòng \"Phòng 73 tại Hồ Chí Minh\" rất tuyệt vời!', 1),
(74, 74, 2, '2025-05-05 17:00:00.000', 'Phòng \"Phòng 74 tại Cần Thơ\" rất tuyệt vời!', 5),
(75, 75, 3, '2025-06-17 17:00:00.000', 'Phòng \"Phòng 75 tại Nha Trang\" rất tuyệt vời!', 3),
(76, 76, 4, '2025-09-15 17:00:00.000', 'Phòng \"Phòng 76 tại Hà Nội\" rất tuyệt vời!', 5),
(77, 77, 5, '2025-02-18 17:00:00.000', 'Phòng \"Phòng 77 tại Phú Quốc\" rất tuyệt vời!', 2),
(78, 78, 6, '2025-01-28 17:00:00.000', 'Phòng \"Phòng 78 tại Đà Nẵng\" rất tuyệt vời!', 3),
(79, 79, 1, '2025-03-27 17:00:00.000', 'Phòng \"Phòng 79 tại Đà Lạt\" rất tuyệt vời!', 1),
(80, 80, 2, '2025-05-22 17:00:00.000', 'Phòng \"Phòng 80 tại Phan Thiết\" rất tuyệt vời!', 4),
(81, 1, 3, '2025-01-08 17:00:00.000', 'Phòng \"Phòng 1 tại Hồ Chí Minh\" rất tuyệt vời!', 1),
(82, 2, 4, '2025-09-03 17:00:00.000', 'Phòng \"Phòng 2 tại Cần Thơ\" rất tuyệt vời!', 1),
(83, 3, 5, '2025-05-25 17:00:00.000', 'Phòng \"Phòng 3 tại Nha Trang\" rất tuyệt vời!', 3),
(84, 4, 6, '2025-11-05 17:00:00.000', 'Phòng \"Phòng 4 tại Hà Nội\" rất tuyệt vời!', 2),
(85, 5, 1, '2025-09-20 17:00:00.000', 'Phòng \"Phòng 5 tại Phú Quốc\" rất tuyệt vời!', 1),
(86, 6, 2, '2025-11-20 17:00:00.000', 'Phòng \"Phòng 6 tại Đà Nẵng\" rất tuyệt vời!', 1),
(87, 7, 3, '2025-05-12 17:00:00.000', 'Phòng \"Phòng 7 tại Đà Lạt\" rất tuyệt vời!', 5),
(88, 8, 4, '2025-12-30 17:00:00.000', 'Phòng \"Phòng 8 tại Phan Thiết\" rất tuyệt vời!', 1),
(89, 9, 5, '2025-02-09 17:00:00.000', 'Phòng \"Phòng 9 tại Hồ Chí Minh\" rất tuyệt vời!', 3),
(90, 10, 6, '2025-04-19 17:00:00.000', 'Phòng \"Phòng 10 tại Cần Thơ\" rất tuyệt vời!', 5),
(91, 11, 1, '2025-01-20 17:00:00.000', 'Phòng \"Phòng 11 tại Nha Trang\" rất tuyệt vời!', 5),
(92, 12, 2, '2025-08-07 17:00:00.000', 'Phòng \"Phòng 12 tại Hà Nội\" rất tuyệt vời!', 1),
(93, 13, 3, '2025-10-16 17:00:00.000', 'Phòng \"Phòng 13 tại Phú Quốc\" rất tuyệt vời!', 5),
(94, 14, 4, '2025-05-18 17:00:00.000', 'Phòng \"Phòng 14 tại Đà Nẵng\" rất tuyệt vời!', 2),
(95, 15, 5, '2025-11-07 17:00:00.000', 'Phòng \"Phòng 15 tại Đà Lạt\" rất tuyệt vời!', 5),
(96, 16, 6, '2025-12-11 17:00:00.000', 'Phòng \"Phòng 16 tại Phan Thiết\" rất tuyệt vời!', 5),
(97, 17, 1, '2025-01-21 17:00:00.000', 'Phòng \"Phòng 17 tại Hồ Chí Minh\" rất tuyệt vời!', 1),
(98, 18, 2, '2025-06-12 17:00:00.000', 'Phòng \"Phòng 18 tại Cần Thơ\" rất tuyệt vời!', 5),
(99, 19, 3, '2025-09-11 17:00:00.000', 'Phòng \"Phòng 19 tại Nha Trang\" rất tuyệt vời!', 4),
(100, 20, 4, '2025-01-07 17:00:00.000', 'Phòng \"Phòng 20 tại Hà Nội\" rất tuyệt vời!', 3);

INSERT INTO `DatPhong` (`id`, `ma_phong`, `ngay_den`, `ngay_di`, `so_luong_khach`, `ma_nguoi_dat`) VALUES
(1, 1, '2025-12-15 17:00:00.000', '2025-12-17 17:00:00.000', 2, 1),
(2, 2, '2025-09-23 17:00:00.000', '2025-09-26 17:00:00.000', 2, 2),
(3, 3, '2025-03-31 17:00:00.000', '2025-04-04 17:00:00.000', 1, 3),
(4, 4, '2025-12-04 17:00:00.000', '2025-12-05 17:00:00.000', 3, 4),
(5, 5, '2025-04-04 17:00:00.000', '2025-04-07 17:00:00.000', 3, 5),
(6, 6, '2025-07-10 17:00:00.000', '2025-07-13 17:00:00.000', 3, 6),
(7, 7, '2025-09-23 17:00:00.000', '2025-09-27 17:00:00.000', 2, 1),
(8, 8, '2025-04-01 17:00:00.000', '2025-04-06 17:00:00.000', 4, 2),
(9, 9, '2025-09-09 17:00:00.000', '2025-09-11 17:00:00.000', 4, 3),
(10, 10, '2025-01-10 17:00:00.000', '2025-01-15 17:00:00.000', 2, 4),
(11, 11, '2025-03-03 17:00:00.000', '2025-03-04 17:00:00.000', 4, 5),
(12, 12, '2025-01-21 17:00:00.000', '2025-01-26 17:00:00.000', 2, 6),
(13, 13, '2025-08-08 17:00:00.000', '2025-08-09 17:00:00.000', 3, 1),
(14, 14, '2025-07-16 17:00:00.000', '2025-07-19 17:00:00.000', 1, 2),
(15, 15, '2025-04-05 17:00:00.000', '2025-04-07 17:00:00.000', 4, 3),
(16, 16, '2025-07-27 17:00:00.000', '2025-07-28 17:00:00.000', 1, 4),
(17, 17, '2025-10-04 17:00:00.000', '2025-10-06 17:00:00.000', 4, 5),
(18, 18, '2025-07-08 17:00:00.000', '2025-07-09 17:00:00.000', 1, 6),
(19, 19, '2025-08-08 17:00:00.000', '2025-08-11 17:00:00.000', 3, 1),
(20, 20, '2025-11-01 17:00:00.000', '2025-11-04 17:00:00.000', 2, 2),
(21, 21, '2025-02-13 17:00:00.000', '2025-02-14 17:00:00.000', 2, 3),
(22, 22, '2025-12-06 17:00:00.000', '2025-12-10 17:00:00.000', 4, 4),
(23, 23, '2025-08-12 17:00:00.000', '2025-08-16 17:00:00.000', 2, 5),
(24, 24, '2025-08-17 17:00:00.000', '2025-08-21 17:00:00.000', 2, 6),
(25, 25, '2025-11-30 17:00:00.000', '2025-12-05 17:00:00.000', 3, 1),
(26, 26, '2025-06-04 17:00:00.000', '2025-06-07 17:00:00.000', 3, 2),
(27, 27, '2025-06-13 17:00:00.000', '2025-06-14 17:00:00.000', 3, 3),
(28, 28, '2025-03-01 17:00:00.000', '2025-03-06 17:00:00.000', 2, 4),
(29, 29, '2025-12-18 17:00:00.000', '2025-12-23 17:00:00.000', 1, 5),
(30, 30, '2025-10-18 17:00:00.000', '2025-10-19 17:00:00.000', 1, 6),
(31, 31, '2025-04-01 17:00:00.000', '2025-04-06 17:00:00.000', 1, 1),
(32, 32, '2025-02-22 17:00:00.000', '2025-02-26 17:00:00.000', 2, 2),
(33, 33, '2025-11-30 17:00:00.000', '2025-12-01 17:00:00.000', 4, 3),
(34, 34, '2025-01-22 17:00:00.000', '2025-01-24 17:00:00.000', 2, 4),
(35, 35, '2025-11-08 17:00:00.000', '2025-11-11 17:00:00.000', 1, 5),
(36, 36, '2025-01-21 17:00:00.000', '2025-01-22 17:00:00.000', 3, 6),
(37, 37, '2025-04-16 17:00:00.000', '2025-04-17 17:00:00.000', 4, 1),
(38, 38, '2025-04-11 17:00:00.000', '2025-04-13 17:00:00.000', 3, 2),
(39, 39, '2025-01-13 17:00:00.000', '2025-01-14 17:00:00.000', 2, 3),
(40, 40, '2025-08-20 17:00:00.000', '2025-08-21 17:00:00.000', 1, 4),
(41, 41, '2025-04-14 17:00:00.000', '2025-04-16 17:00:00.000', 1, 5),
(42, 42, '2025-11-16 17:00:00.000', '2025-11-20 17:00:00.000', 4, 6),
(43, 43, '2025-06-09 17:00:00.000', '2025-06-12 17:00:00.000', 4, 1),
(44, 44, '2025-04-30 17:00:00.000', '2025-05-05 17:00:00.000', 4, 2),
(45, 45, '2025-11-14 17:00:00.000', '2025-11-18 17:00:00.000', 2, 3),
(46, 46, '2025-05-19 17:00:00.000', '2025-05-21 17:00:00.000', 4, 4),
(47, 47, '2025-11-30 17:00:00.000', '2025-12-01 17:00:00.000', 2, 5),
(48, 48, '2025-06-21 17:00:00.000', '2025-06-23 17:00:00.000', 2, 6),
(49, 49, '2025-02-16 17:00:00.000', '2025-02-18 17:00:00.000', 2, 1),
(50, 50, '2025-04-04 17:00:00.000', '2025-04-07 17:00:00.000', 3, 2),
(51, 51, '2025-07-10 17:00:00.000', '2025-07-14 17:00:00.000', 3, 3),
(52, 52, '2025-05-13 17:00:00.000', '2025-05-18 17:00:00.000', 3, 4),
(53, 53, '2025-01-14 17:00:00.000', '2025-01-15 17:00:00.000', 4, 5),
(54, 54, '2025-12-09 17:00:00.000', '2025-12-12 17:00:00.000', 2, 6),
(55, 55, '2025-05-05 17:00:00.000', '2025-05-09 17:00:00.000', 1, 1),
(56, 56, '2025-06-19 17:00:00.000', '2025-06-20 17:00:00.000', 2, 2),
(57, 57, '2025-08-24 17:00:00.000', '2025-08-27 17:00:00.000', 4, 3),
(58, 58, '2025-01-10 17:00:00.000', '2025-01-11 17:00:00.000', 3, 4),
(60, 60, '2025-03-14 17:00:00.000', '2025-03-19 17:00:00.000', 3, 6),
(61, 61, '2025-09-14 17:00:00.000', '2025-09-17 17:00:00.000', 3, 1),
(62, 62, '2025-06-22 17:00:00.000', '2025-06-23 17:00:00.000', 4, 2),
(63, 63, '2025-12-04 17:00:00.000', '2025-12-07 17:00:00.000', 4, 3),
(64, 64, '2025-07-02 17:00:00.000', '2025-07-06 17:00:00.000', 3, 4),
(65, 65, '2025-05-17 17:00:00.000', '2025-05-19 17:00:00.000', 1, 5),
(66, 66, '2025-05-01 17:00:00.000', '2025-05-02 17:00:00.000', 4, 6),
(67, 67, '2025-06-13 17:00:00.000', '2025-06-15 17:00:00.000', 3, 1),
(68, 68, '2025-01-15 17:00:00.000', '2025-01-17 17:00:00.000', 1, 2),
(70, 70, '2025-09-21 17:00:00.000', '2025-09-22 17:00:00.000', 3, 4),
(71, 71, '2025-08-18 17:00:00.000', '2025-08-20 17:00:00.000', 3, 5),
(72, 72, '2025-05-10 17:00:00.000', '2025-05-14 17:00:00.000', 2, 6),
(73, 73, '2025-03-21 17:00:00.000', '2025-03-23 17:00:00.000', 2, 1),
(74, 74, '2025-05-01 17:00:00.000', '2025-05-05 17:00:00.000', 2, 2),
(75, 75, '2025-06-14 17:00:00.000', '2025-06-17 17:00:00.000', 4, 3),
(76, 76, '2025-09-14 17:00:00.000', '2025-09-15 17:00:00.000', 2, 4),
(77, 77, '2025-02-16 17:00:00.000', '2025-02-18 17:00:00.000', 4, 5),
(78, 78, '2025-01-27 17:00:00.000', '2025-01-28 17:00:00.000', 4, 6),
(79, 79, '2025-03-26 17:00:00.000', '2025-03-27 17:00:00.000', 1, 1),
(80, 80, '2025-05-17 17:00:00.000', '2025-05-22 17:00:00.000', 4, 2),
(81, 1, '2025-01-04 17:00:00.000', '2025-01-08 17:00:00.000', 1, 3),
(82, 2, '2025-09-02 17:00:00.000', '2025-09-03 17:00:00.000', 2, 4),
(83, 3, '2025-05-24 17:00:00.000', '2025-05-25 17:00:00.000', 4, 5),
(84, 4, '2025-11-03 17:00:00.000', '2025-11-05 17:00:00.000', 1, 6),
(85, 5, '2025-09-17 17:00:00.000', '2025-09-20 17:00:00.000', 1, 1),
(86, 6, '2025-11-19 17:00:00.000', '2025-11-20 17:00:00.000', 1, 2),
(87, 7, '2025-05-07 17:00:00.000', '2025-05-12 17:00:00.000', 1, 3),
(88, 8, '2025-12-27 17:00:00.000', '2025-12-30 17:00:00.000', 1, 4),
(89, 9, '2025-02-04 17:00:00.000', '2025-02-09 17:00:00.000', 2, 5),
(90, 10, '2025-04-14 17:00:00.000', '2025-04-19 17:00:00.000', 2, 6),
(91, 11, '2025-01-15 17:00:00.000', '2025-01-20 17:00:00.000', 1, 1),
(92, 12, '2025-08-03 17:00:00.000', '2025-08-07 17:00:00.000', 1, 2),
(93, 13, '2025-10-15 17:00:00.000', '2025-10-16 17:00:00.000', 1, 3),
(94, 14, '2025-05-14 17:00:00.000', '2025-05-18 17:00:00.000', 2, 4),
(95, 15, '2025-11-04 17:00:00.000', '2025-11-07 17:00:00.000', 4, 5),
(96, 16, '2025-12-06 17:00:00.000', '2025-12-11 17:00:00.000', 3, 6),
(97, 17, '2025-01-18 17:00:00.000', '2025-01-21 17:00:00.000', 3, 1),
(98, 18, '2025-06-08 17:00:00.000', '2025-06-12 17:00:00.000', 4, 2),
(99, 19, '2025-09-08 17:00:00.000', '2025-09-11 17:00:00.000', 1, 3),
(100, 20, '2025-01-03 17:00:00.000', '2025-01-07 17:00:00.000', 4, 4),
(101, 2, '2025-04-08 08:39:14.059', '2025-04-15 08:39:14.059', 1, 3),
(102, 2, '2025-04-08 08:54:05.577', '2025-04-15 08:54:05.577', 1, 3),
(103, 15, '2025-04-08 09:28:02.414', '2025-04-15 09:28:02.414', 1, 17),
(104, 3, '2025-04-08 09:36:33.219', '2025-04-15 09:36:33.219', 1, 17),
(105, 7, '2025-04-08 09:36:43.623', '2025-04-15 09:36:43.623', 1, 17),
(106, 6, '2025-04-08 09:42:53.092', '2025-04-15 09:42:53.092', 1, 17),
(107, 11, '2025-04-08 09:43:05.450', '2025-04-15 09:43:05.450', 1, 17),
(108, 6, '2025-04-08 09:46:11.775', '2025-04-15 09:46:11.775', 1, 17),
(109, 10, '2025-04-08 16:16:50.958', '2025-04-15 16:16:50.958', 1, 3),
(111, 2, '2025-04-09 08:57:54.403', '2025-04-16 08:57:54.403', 3, 3),
(112, 2, '2025-04-09 09:09:53.665', '2025-04-16 09:09:53.665', 1, 3),
(113, 1, '2025-04-09 09:40:12.887', '2025-04-16 09:40:12.887', 1, 3),
(114, 12, '2025-04-17 17:00:00.000', '2025-04-24 17:00:00.000', 4, 21),
(116, 14, '2025-04-09 16:37:33.314', '2025-04-16 16:37:33.314', 1, 3);

INSERT INTO `NguoiDung` (`id`, `name`, `email`, `pass_word`, `phone`, `birth_day`, `gender`, `role`, `avatar`) VALUES
(1, 'Nguyễn Văn A', 'a@gmail.com', '$2b$10$UhKk3gH/zT.DJBlT6YcO6uyIQobvWUJ9mAaoUfENXzMRXVOGmyKyW', '0123456789', '2000-01-01 00:00:00.000', 1, 'USER', 'https://i.pravatar.cc/150?img=1'),
(2, 'Trần Thị B', 'b@gmail.com', '$2b$10$jBzvyqfWiITj31f/.zlMGeJwzVjrq..0XyV7HeDmniltJtFwTO.dq', '', NULL, 0, 'USER', 'https://i.pravatar.cc/150?img=2'),
(3, 'Admin', 'admin@gmail.com', '$2b$10$mif8.zwr1x0tUfEPsugObuiRMHIxWHPV45wlYfv7jw0P2An8OG.Si', '0909090909', '2025-08-03 17:00:00.000', 1, 'ADMIN', 'https://res.cloudinary.com/leminhquang/image/upload/v1744125910/avatars/nlsig8rt9qnbc7lbvgid.png'),
(4, 'Phạm Minh D', 'd@gmail.com', '$2b$10$f66MWqrzvA6Aqj8mx5wpkek28JDin36SVU1RQ0GFlWVdoFrYJHiJG', '0911111111', '1997-09-12 00:00:00.000', 1, 'CHU_NHA', 'https://i.pravatar.cc/150?img=4'),
(5, 'Lê Thị E', 'e@gmail.com', '$2b$10$N2NPmaDnBaMNU.FNEOxZK.xwIJ6jZLTfpxBCGf.diq/VZOmJcIcei', '0933333333', '1999-11-22 00:00:00.000', 0, 'USER', 'https://i.pravatar.cc/150?img=5'),
(6, 'Admin Trần Văn F', 'f@gmail.com', '$2b$10$9Q8RPs8BMUWsHcH0DzT4ru4OTrvMBlrOEN5ZgbQXYEwWMbtsWe8lq', '0966666666', '1992-03-18 00:00:00.000', 1, 'ADMIN', 'https://i.pravatar.cc/150?img=6'),
(7, 'Cynthia Guthrie', 'coqotyzer@mailinator.com', '$2b$10$UXSKYDvtRh63a05x1DUtJuAYrZguCee42L232iUEKBujvK8PPL00u', '0943294932', NULL, 0, 'USER', NULL),
(8, 'quang123', 'quang123@gmail.com', '$2b$10$FsMgZ0DylCoJYdD8BaEtPOfErI.O5j875HiSOhdqbxTdzygRzlNA2', '0932848123', NULL, 0, 'USER', 'uploads/1743965302613-591420378.jpg'),
(9, 'quang413112e2323', 'quang2965@gmail.com', '$2b$10$s7MNgkL1/nWdUxgaUijYhOWrFCA079eDZcAM2CjQT9I8fdOrXgM3G', '', NULL, 0, 'USER', NULL),
(10, 'quang41213112e2323', 'quang212965@gmail.com', '$2b$10$4Ryw2YdP4R66GCU73HtAQOgq7WGzRzvzuRBGTg9urNoMrZcDVoa2u', '', NULL, 0, 'USER', NULL),
(11, 'quang41213112e2323', 'quang2212965@gmail.com', '$2b$10$W84RSUFqyt0g8889J6KVs.YBorpfTiz392raEsK2.6GG7bU7vGB8a', '', NULL, 0, 'USER', NULL),
(12, 'quang41213112e2323', 'quang22122965@gmail.com', '$2b$10$tiB2xWwXSnQwejkPRNmn4eKVODbNtUY.XbPaU8quW2L/v0b4hT3y2', '', NULL, 0, 'USER', NULL),
(15, 'quang1232', 'quang1232@gmail.com', '123a', '0328987661', '2025-03-31 17:00:00.000', 1, 'USER', NULL),
(16, 'quang12345', 'quang12345@gmail.com', '123a', '0328987662', '2025-03-31 17:00:00.000', 1, 'USER', NULL),
(17, 'quang123123', 'quang123123@gmail.com', '$2b$10$Dg/mFs7j6SK1ptd4z2bk8en9u9UICYaZkV3.IoLQPB4Tm1VqfV6Gi', '0123981231', NULL, 0, 'USER', 'uploads/1744017512439-555962454.jpg'),
(21, 'quang4444', 'quang4444@gmail.com', '$2b$10$TEQOydwcuQlnXDvOc.R.Kel7wyHYsHtaGtpZlSiCggJDZaGmIjof6', '0657454353', '2025-08-03 17:00:00.000', 1, 'USER', 'https://res.cloudinary.com/leminhquang/image/upload/v1744126175/avatars/qdortbnnp80cvfobwt92.png');

INSERT INTO `Phong` (`id`, `ten_phong`, `khach`, `phong_ngu`, `giuong`, `phong_tam`, `mo_ta`, `gia_tien`, `may_giat`, `ban_la`, `tivi`, `dieu_hoa`, `wifi`, `bep`, `do_xe`, `ho_boi`, `ban_ui`, `hinh_anh`, `vi_tri_id`) VALUES
(1, 'Phòng 1 tại Hồ Chí Minh', 2, 1, 1, 2, 'Phòng đẹp số 1 tại Hồ Chí Minh', 825700, 1, 1, 0, 0, 1, 1, 1, 1, 0, 'https://picsum.photos/id/200/300/200', 1),
(2, 'Phòng 2 tại Cần Thơ', 4, 1, 2, 2, 'Phòng đẹp số 2 tại Cần Thơ', 812238, 1, 0, 1, 1, 1, 1, 1, 1, 0, 'https://res.cloudinary.com/leminhquang/image/upload/v1744130223/airbnb_rooms/p4v1sjbmwsdru1glefiq.jpg', 2),
(3, 'Phòng 3 tại Nha Trang', 3, 3, 3, 2, 'Phòng đẹp số 3 tại Nha Trang', 318178, 1, 1, 1, 1, 1, 0, 0, 1, 0, 'https://picsum.photos/id/202/300/200', 3),
(4, 'Phòng 4 tại Hà Nội', 2, 2, 1, 2, 'Phòng đẹp số 4 tại Hà Nội', 1184620, 0, 1, 1, 0, 1, 0, 0, 0, 0, 'https://picsum.photos/id/203/300/200', 4),
(5, 'Phòng 5 tại Phú Quốc', 4, 1, 1, 2, 'Phòng đẹp số 5 tại Phú Quốc', 310654, 1, 0, 0, 0, 1, 0, 0, 0, 0, 'https://picsum.photos/id/204/300/200', 5),
(6, 'Phòng 6 tại Đà Nẵng', 5, 2, 2, 2, 'Phòng đẹp số 6 tại Đà Nẵng', 1274665, 0, 0, 0, 1, 1, 0, 1, 1, 0, 'https://picsum.photos/id/205/300/200', 6),
(7, 'Phòng 7 tại Đà Lạt', 3, 3, 3, 1, 'Phòng đẹp số 7 tại Đà Lạt', 881841, 0, 0, 0, 0, 1, 1, 1, 1, 0, 'https://picsum.photos/id/206/300/200', 7),
(8, 'Phòng 8 tại Phan Thiết', 5, 3, 1, 1, 'Phòng đẹp số 8 tại Phan Thiết', 1015069, 0, 1, 0, 0, 1, 0, 0, 1, 0, 'https://picsum.photos/id/207/300/200', 8),
(9, 'Phòng 9 tại Hồ Chí Minh', 4, 3, 2, 2, 'Phòng đẹp số 9 tại Hồ Chí Minh', 1356285, 0, 0, 0, 0, 1, 0, 1, 0, 0, 'https://picsum.photos/id/208/300/200', 1),
(10, 'Phòng 10 tại Cần Thơ', 1, 3, 1, 1, 'Phòng đẹp số 10 tại Cần Thơ', 991404, 1, 1, 0, 1, 1, 1, 1, 0, 0, 'https://picsum.photos/id/209/300/200', 2),
(11, 'Phòng 11 tại Nha Trang', 1, 3, 2, 1, 'Phòng đẹp số 11 tại Nha Trang', 1452854, 0, 0, 1, 1, 1, 0, 0, 0, 0, 'https://picsum.photos/id/210/300/200', 3),
(12, 'Phòng 12 tại Hà Nội', 5, 2, 3, 1, 'Phòng đẹp số 12 tại Hà Nội', 313383, 0, 0, 0, 1, 1, 1, 1, 0, 0, 'https://picsum.photos/id/211/300/200', 4),
(13, 'Phòng 13 tại Phú Quốc', 6, 2, 1, 1, 'Phòng đẹp số 13 tại Phú Quốc', 776186, 1, 0, 1, 1, 1, 1, 1, 0, 0, 'https://picsum.photos/id/212/300/200', 5),
(14, 'Phòng 14 tại Đà Nẵng', 4, 3, 3, 1, 'Phòng đẹp số 14 tại Đà Nẵng', 915783, 0, 1, 0, 1, 1, 0, 1, 0, 0, 'https://picsum.photos/id/213/300/200', 6),
(15, 'Phòng 15 tại Đà Lạt', 3, 2, 3, 2, 'Phòng đẹp số 15 tại Đà Lạt', 724638, 1, 0, 1, 1, 1, 1, 0, 1, 1, 'https://picsum.photos/id/214/300/200', 7),
(16, 'Phòng 16 tại Phan Thiết', 4, 2, 1, 1, 'Phòng đẹp số 16 tại Phan Thiết', 1418277, 1, 0, 1, 1, 1, 1, 1, 0, 1, 'https://picsum.photos/id/215/300/200', 8),
(17, 'Phòng 17 tại Hồ Chí Minh', 2, 1, 1, 1, 'Phòng đẹp số 17 tại Hồ Chí Minh', 386395, 0, 0, 1, 1, 1, 1, 1, 1, 0, 'https://picsum.photos/id/216/300/200', 1),
(18, 'Phòng 18 tại Cần Thơ', 1, 3, 1, 1, 'Phòng đẹp số 18 tại Cần Thơ', 483727, 0, 1, 1, 0, 1, 1, 1, 1, 1, 'https://picsum.photos/id/217/300/200', 2),
(19, 'Phòng 19 tại Nha Trang', 3, 1, 1, 1, 'Phòng đẹp số 19 tại Nha Trang', 309204, 0, 1, 0, 1, 1, 0, 0, 0, 1, 'https://picsum.photos/id/218/300/200', 3),
(20, 'Phòng 20 tại Hà Nội', 3, 3, 1, 2, 'Phòng đẹp số 20 tại Hà Nội', 1377067, 0, 1, 0, 1, 1, 0, 0, 1, 0, 'https://picsum.photos/id/219/300/200', 4),
(21, 'Phòng 21 tại Phú Quốc', 5, 1, 3, 2, 'Phòng đẹp số 21 tại Phú Quốc', 464504, 0, 1, 1, 1, 1, 1, 1, 0, 1, 'https://picsum.photos/id/220/300/200', 5),
(22, 'Phòng 22 tại Đà Nẵng', 4, 3, 2, 1, 'Phòng đẹp số 22 tại Đà Nẵng', 1061422, 0, 0, 1, 0, 1, 1, 1, 0, 1, 'https://picsum.photos/id/221/300/200', 6),
(23, 'Phòng 23 tại Đà Lạt', 3, 1, 2, 1, 'Phòng đẹp số 23 tại Đà Lạt', 308492, 1, 1, 1, 1, 1, 1, 1, 0, 1, 'https://picsum.photos/id/222/300/200', 7),
(24, 'Phòng 24 tại Phan Thiết', 1, 1, 2, 2, 'Phòng đẹp số 24 tại Phan Thiết', 499627, 0, 1, 1, 0, 1, 0, 0, 0, 1, 'https://picsum.photos/id/223/300/200', 8),
(25, 'Phòng 25 tại Hồ Chí Minh', 1, 2, 2, 1, 'Phòng đẹp số 25 tại Hồ Chí Minh', 822703, 0, 1, 0, 1, 1, 1, 0, 1, 1, 'https://picsum.photos/id/224/300/200', 1),
(26, 'Phòng 26 tại Cần Thơ', 3, 3, 3, 2, 'Phòng đẹp số 26 tại Cần Thơ', 365314, 0, 1, 0, 1, 1, 0, 0, 0, 1, 'https://picsum.photos/id/225/300/200', 2),
(27, 'Phòng 27 tại Nha Trang', 1, 1, 1, 2, 'Phòng đẹp số 27 tại Nha Trang', 443213, 0, 1, 1, 1, 1, 1, 1, 1, 1, 'https://picsum.photos/id/226/300/200', 3),
(28, 'Phòng 28 tại Hà Nội', 5, 3, 2, 1, 'Phòng đẹp số 28 tại Hà Nội', 514482, 1, 0, 0, 1, 1, 1, 1, 1, 0, 'https://picsum.photos/id/227/300/200', 4),
(29, 'Phòng 29 tại Phú Quốc', 3, 1, 1, 1, 'Phòng đẹp số 29 tại Phú Quốc', 1363053, 1, 0, 0, 1, 1, 0, 0, 0, 0, 'https://picsum.photos/id/228/300/200', 5),
(30, 'Phòng 30 tại Đà Nẵng', 2, 3, 3, 1, 'Phòng đẹp số 30 tại Đà Nẵng', 1457103, 1, 1, 1, 0, 1, 1, 1, 1, 0, 'https://picsum.photos/id/229/300/200', 6),
(31, 'Phòng 31 tại Đà Lạt', 6, 2, 2, 1, 'Phòng đẹp số 31 tại Đà Lạt', 432134, 1, 1, 0, 0, 1, 0, 0, 1, 1, 'https://picsum.photos/id/230/300/200', 7),
(32, 'Phòng 32 tại Phan Thiết', 5, 3, 1, 2, 'Phòng đẹp số 32 tại Phan Thiết', 1300382, 1, 1, 0, 0, 1, 1, 1, 1, 0, 'https://picsum.photos/id/231/300/200', 8),
(33, 'Phòng 33 tại Hồ Chí Minh', 5, 2, 3, 2, 'Phòng đẹp số 33 tại Hồ Chí Minh', 1174989, 1, 0, 1, 0, 1, 1, 0, 1, 1, 'https://picsum.photos/id/232/300/200', 1),
(34, 'Phòng 34 tại Cần Thơ', 1, 2, 2, 2, 'Phòng đẹp số 34 tại Cần Thơ', 821623, 1, 1, 0, 1, 1, 1, 0, 1, 0, 'https://picsum.photos/id/233/300/200', 2),
(35, 'Phòng 35 tại Nha Trang', 4, 1, 1, 1, 'Phòng đẹp số 35 tại Nha Trang', 1002611, 0, 0, 1, 0, 1, 1, 1, 0, 0, 'https://picsum.photos/id/234/300/200', 3),
(36, 'Phòng 36 tại Hà Nội', 5, 1, 1, 2, 'Phòng đẹp số 36 tại Hà Nội', 369642, 0, 1, 0, 1, 1, 0, 1, 0, 1, 'https://picsum.photos/id/235/300/200', 4),
(37, 'Phòng 37 tại Phú Quốc', 3, 2, 1, 1, 'Phòng đẹp số 37 tại Phú Quốc', 1282894, 1, 1, 0, 1, 1, 1, 0, 0, 1, 'https://picsum.photos/id/236/300/200', 5),
(38, 'Phòng 38 tại Đà Nẵng', 6, 1, 3, 1, 'Phòng đẹp số 38 tại Đà Nẵng', 1253736, 0, 0, 1, 0, 1, 0, 0, 1, 1, 'https://picsum.photos/id/237/300/200', 6),
(39, 'Phòng 39 tại Đà Lạt', 5, 1, 3, 1, 'Phòng đẹp số 39 tại Đà Lạt', 735887, 1, 0, 0, 1, 1, 1, 1, 1, 1, 'https://picsum.photos/id/238/300/200', 7),
(40, 'Phòng 40 tại Phan Thiết', 4, 2, 1, 1, 'Phòng đẹp số 40 tại Phan Thiết', 612644, 1, 1, 1, 0, 1, 0, 0, 1, 1, 'https://picsum.photos/id/239/300/200', 8),
(41, 'Phòng 41 tại Hồ Chí Minh', 5, 1, 2, 1, 'Phòng đẹp số 41 tại Hồ Chí Minh', 839390, 1, 0, 1, 0, 1, 1, 1, 0, 1, 'https://picsum.photos/id/240/300/200', 1),
(42, 'Phòng 42 tại Cần Thơ', 4, 1, 2, 1, 'Phòng đẹp số 42 tại Cần Thơ', 857948, 0, 1, 1, 0, 1, 0, 1, 1, 0, 'https://picsum.photos/id/241/300/200', 2),
(43, 'Phòng 43 tại Nha Trang', 2, 2, 2, 1, 'Phòng đẹp số 43 tại Nha Trang', 301077, 1, 0, 0, 0, 1, 1, 1, 1, 0, 'https://picsum.photos/id/242/300/200', 3),
(44, 'Phòng 44 tại Hà Nội', 4, 2, 1, 2, 'Phòng đẹp số 44 tại Hà Nội', 838086, 0, 0, 1, 1, 1, 0, 0, 0, 1, 'https://picsum.photos/id/243/300/200', 4),
(45, 'Phòng 45 tại Phú Quốc', 1, 1, 2, 2, 'Phòng đẹp số 45 tại Phú Quốc', 985908, 0, 1, 1, 1, 1, 1, 1, 1, 1, 'https://picsum.photos/id/244/300/200', 5),
(46, 'Phòng 46 tại Đà Nẵng', 3, 1, 2, 2, 'Phòng đẹp số 46 tại Đà Nẵng', 1000764, 1, 1, 1, 0, 1, 0, 0, 0, 0, 'https://picsum.photos/id/245/300/200', 6),
(47, 'Phòng 47 tại Đà Lạt', 3, 2, 3, 1, 'Phòng đẹp số 47 tại Đà Lạt', 1228289, 0, 0, 0, 0, 1, 0, 0, 0, 1, 'https://picsum.photos/id/246/300/200', 7),
(48, 'Phòng 48 tại Phan Thiết', 3, 3, 2, 1, 'Phòng đẹp số 48 tại Phan Thiết', 439069, 1, 0, 0, 1, 1, 0, 0, 1, 1, 'https://picsum.photos/id/247/300/200', 8),
(49, 'Phòng 49 tại Hồ Chí Minh', 3, 1, 2, 1, 'Phòng đẹp số 49 tại Hồ Chí Minh', 820810, 0, 1, 0, 0, 1, 0, 0, 0, 1, 'https://picsum.photos/id/248/300/200', 1),
(50, 'Phòng 50 tại Cần Thơ', 3, 1, 2, 1, 'Phòng đẹp số 50 tại Cần Thơ', 1160278, 1, 0, 1, 0, 1, 1, 0, 0, 1, 'https://picsum.photos/id/249/300/200', 2),
(51, 'Phòng 51 tại Nha Trang', 5, 3, 2, 1, 'Phòng đẹp số 51 tại Nha Trang', 811113, 0, 0, 0, 0, 1, 1, 1, 0, 1, 'https://picsum.photos/id/250/300/200', 3),
(52, 'Phòng 52 tại Hà Nội', 2, 2, 1, 1, 'Phòng đẹp số 52 tại Hà Nội', 1392496, 0, 1, 0, 1, 1, 0, 1, 1, 0, 'https://picsum.photos/id/251/300/200', 4),
(53, 'Phòng 53 tại Phú Quốc', 5, 3, 3, 1, 'Phòng đẹp số 53 tại Phú Quốc', 807923, 0, 1, 0, 0, 1, 1, 1, 0, 0, 'https://picsum.photos/id/252/300/200', 5),
(54, 'Phòng 54 tại Đà Nẵng', 5, 3, 1, 1, 'Phòng đẹp số 54 tại Đà Nẵng', 1145679, 1, 0, 1, 0, 1, 1, 1, 1, 0, 'https://picsum.photos/id/253/300/200', 6),
(55, 'Phòng 55 tại Đà Lạt', 4, 2, 2, 2, 'Phòng đẹp số 55 tại Đà Lạt', 1377068, 1, 0, 0, 0, 1, 1, 1, 0, 1, 'https://picsum.photos/id/254/300/200', 7),
(56, 'Phòng 56 tại Phan Thiết', 2, 1, 1, 2, 'Phòng đẹp số 56 tại Phan Thiết', 735544, 1, 1, 0, 0, 1, 1, 0, 1, 0, 'https://picsum.photos/id/255/300/200', 8),
(57, 'Phòng 57 tại Hồ Chí Minh', 1, 3, 2, 2, 'Phòng đẹp số 57 tại Hồ Chí Minh', 856864, 0, 1, 1, 0, 1, 0, 1, 0, 0, 'https://picsum.photos/id/256/300/200', 1),
(58, 'Phòng 58 tại Cần Thơ', 2, 2, 1, 2, 'Phòng đẹp số 58 tại Cần Thơ', 659848, 0, 1, 0, 1, 1, 1, 1, 0, 0, 'https://picsum.photos/id/257/300/200', 2),
(59, 'Phòng 59 tại Nha Trang', 4, 1, 1, 2, 'Phòng đẹp số 59 tại Nha Trang', 1057468, 0, 1, 0, 1, 1, 1, 1, 0, 1, 'https://picsum.photos/id/258/300/200', 3),
(60, 'Phòng 60 tại Hà Nội', 4, 1, 2, 2, 'Phòng đẹp số 60 tại Hà Nội', 780633, 0, 1, 0, 0, 1, 1, 1, 1, 0, 'https://picsum.photos/id/259/300/200', 4),
(61, 'Phòng 61 tại Phú Quốc', 3, 3, 3, 2, 'Phòng đẹp số 61 tại Phú Quốc', 932301, 0, 0, 0, 1, 1, 1, 1, 0, 0, 'https://picsum.photos/id/260/300/200', 5),
(62, 'Phòng 62 tại Đà Nẵng', 4, 2, 3, 1, 'Phòng đẹp số 62 tại Đà Nẵng', 1155622, 1, 1, 1, 1, 1, 1, 1, 1, 1, 'https://picsum.photos/id/261/300/200', 6),
(63, 'Phòng 63 tại Đà Lạt', 6, 2, 1, 1, 'Phòng đẹp số 63 tại Đà Lạt', 845746, 1, 1, 1, 1, 1, 0, 0, 0, 1, 'https://picsum.photos/id/262/300/200', 7),
(64, 'Phòng 64 tại Phan Thiết', 3, 2, 1, 1, 'Phòng đẹp số 64 tại Phan Thiết', 842966, 0, 0, 0, 0, 1, 1, 0, 0, 1, 'https://picsum.photos/id/263/300/200', 8),
(65, 'Phòng 65 tại Hồ Chí Minh', 3, 2, 2, 2, 'Phòng đẹp số 65 tại Hồ Chí Minh', 458388, 0, 0, 0, 1, 1, 0, 1, 0, 1, 'https://picsum.photos/id/264/300/200', 1),
(66, 'Phòng 66 tại Cần Thơ', 5, 2, 3, 1, 'Phòng đẹp số 66 tại Cần Thơ', 1260501, 0, 0, 1, 0, 1, 0, 0, 1, 1, 'https://picsum.photos/id/265/300/200', 2),
(67, 'Phòng 67 tại Nha Trang', 5, 1, 1, 2, 'Phòng đẹp số 67 tại Nha Trang', 1452093, 0, 1, 0, 1, 1, 0, 1, 1, 1, 'https://picsum.photos/id/266/300/200', 3),
(68, 'Phòng 68 tại Hà Nội', 1, 2, 1, 1, 'Phòng đẹp số 68 tại Hà Nội', 416689, 1, 1, 0, 1, 1, 0, 1, 1, 1, 'https://picsum.photos/id/267/300/200', 4),
(70, 'Phòng 70 tại Đà Nẵng', 2, 1, 1, 2, 'Phòng đẹp số 70 tại Đà Nẵng', 599851, 1, 1, 0, 0, 1, 0, 1, 1, 1, 'https://picsum.photos/id/269/300/200', 6),
(71, 'Phòng 71 tại Đà Lạt', 1, 2, 1, 1, 'Phòng đẹp số 71 tại Đà Lạt', 1435105, 1, 1, 1, 0, 1, 0, 0, 0, 1, 'https://picsum.photos/id/270/300/200', 7),
(72, 'Phòng 72 tại Phan Thiết', 1, 1, 1, 2, 'Phòng đẹp số 72 tại Phan Thiết', 362406, 0, 1, 0, 1, 1, 0, 1, 1, 1, 'https://picsum.photos/id/271/300/200', 8),
(73, 'Phòng 73 tại Hồ Chí Minh', 5, 2, 2, 1, 'Phòng đẹp số 73 tại Hồ Chí Minh', 1317355, 0, 1, 0, 1, 1, 0, 1, 0, 1, 'https://picsum.photos/id/272/300/200', 1),
(74, 'Phòng 74 tại Cần Thơ', 4, 1, 2, 1, 'Phòng đẹp số 74 tại Cần Thơ', 1379830, 0, 1, 1, 1, 1, 1, 1, 0, 0, 'https://picsum.photos/id/273/300/200', 2),
(75, 'Phòng 75 tại Nha Trang', 2, 2, 3, 1, 'Phòng đẹp số 75 tại Nha Trang', 355177, 1, 0, 1, 1, 1, 0, 1, 0, 1, 'https://picsum.photos/id/274/300/200', 3),
(76, 'Phòng 76 tại Hà Nội', 2, 1, 3, 2, 'Phòng đẹp số 76 tại Hà Nội', 1381721, 0, 0, 0, 1, 1, 1, 1, 0, 0, 'https://picsum.photos/id/275/300/200', 4),
(77, 'Phòng 77 tại Phú Quốc', 3, 1, 2, 2, 'Phòng đẹp số 77 tại Phú Quốc', 662213, 1, 0, 1, 1, 1, 1, 0, 1, 1, 'https://picsum.photos/id/276/300/200', 5),
(78, 'Phòng 78 tại Đà Nẵng', 2, 1, 2, 2, 'Phòng đẹp số 78 tại Đà Nẵng', 973678, 1, 1, 1, 1, 1, 1, 0, 1, 1, 'https://picsum.photos/id/277/300/200', 6),
(79, 'Phòng 79 tại Đà Lạt', 2, 1, 3, 2, 'Phòng đẹp số 79 tại Đà Lạt', 1319994, 0, 1, 1, 0, 1, 1, 1, 1, 0, 'https://picsum.photos/id/278/300/200', 7),
(80, 'Phòng 80 tại Phan Thiết', 1, 2, 2, 2, 'Phòng đẹp số 80 tại Phan Thiết', 1481287, 0, 0, 1, 0, 1, 0, 1, 0, 1, 'https://picsum.photos/id/279/300/200', 8);

INSERT INTO `ViTri` (`id`, `ten_vi_tri`, `tinh_thanh`, `quoc_gia`, `hinh_anh`) VALUES
(1, 'Hồ Chí Minh', 'Hồ Chí Minh', 'Việt Nam', 'uploads/1743966423086-422151046.html'),
(2, 'Cần Thơ', 'Cần Thơ', 'Việt Nam', 'https://picsum.photos/id/1012/300/200'),
(3, 'Nha Trang', 'Khánh Hòa', 'Việt Nam', 'https://picsum.photos/id/1013/300/200'),
(4, 'Hà Nội', 'Hà Nội', 'Việt Nam', 'https://picsum.photos/id/1014/300/200'),
(5, 'Phú Quốc', 'Kiên Giang', 'Việt Nam', 'https://picsum.photos/id/1015/300/200'),
(6, 'Đà Nẵng', 'Đà Nẵng', 'Việt Nam', 'https://picsum.photos/id/1016/300/200'),
(7, 'Đà Lạt', 'Lâm Đồng', 'Việt Nam', 'https://picsum.photos/id/1017/300/200'),
(8, 'Phan Thiết', 'Bình Thuận', 'Việt Nam', 'https://picsum.photos/id/1018/300/200'),
(9, 'Dĩ An', 'Bình Dương', 'Việt Nam', 'https://picsum.photos/id/1012/300/200');



/*!40101 SET SQL_MODE=@OLD_SQL_MODE */;
/*!40014 SET FOREIGN_KEY_CHECKS=@OLD_FOREIGN_KEY_CHECKS */;
/*!40014 SET UNIQUE_CHECKS=@OLD_UNIQUE_CHECKS */;
/*!40101 SET CHARACTER_SET_CLIENT=@OLD_CHARACTER_SET_CLIENT */;
/*!40101 SET CHARACTER_SET_RESULTS=@OLD_CHARACTER_SET_RESULTS */;
/*!40101 SET COLLATION_CONNECTION=@OLD_COLLATION_CONNECTION */;
/*!40111 SET SQL_NOTES=@OLD_SQL_NOTES */;